1479853294178882, , , , -4.47099555458e-05,-4.7526191338e-05,7.72475686972e-06,0.0,0.0,0.00342552550137,0.00178022379987
1479853294179882, -180.0,0.0,0.0, -4.47099555458e-05,-4.7526191338e-05,7.72475686972e-06,0.0,0.0,0.00342552550137,0.00178022379987
1479853294629882, -180.0,0.0,0.0, -0.000135047928779,-0.000148995954078,-5.6743483583e-06,0.0,0.0,0.00360386096872,0.00198580720462
1479853294629882, -180.0,0.0,0.0, -0.000135047928779,-0.000148995954078,-5.6743483583e-06,0.0,0.0,0.00360386096872,0.00198580720462
1479853294631882, -180.0,0.0,0.0, -0.000135047928779,-0.000148995954078,-5.6743483583e-06,0.0,0.0,0.00372558971867,0.00234102411196
1479853294631882, -180.0,0.0,0.0, -0.000135047928779,-0.000148995954078,-5.6743483583e-06,0.0,0.0,0.00372558971867,0.00234102411196
1479853294637882, -180.0,0.0,0.0, -0.000135047928779,-0.000148995954078,-5.6743483583e-06,0.0,0.0,0.00383693072945,0.00133878714405
1479853294637882, -180.0,0.0,0.0, -0.000135047928779,-0.000148995954078,-5.6743483583e-06,0.0,0.0,0.00383693072945,0.00133878714405
1479853294638882, -180.0,0.0,0.0, -0.000135047928779,-0.000148995954078,-5.6743483583e-06,0.0,0.0,0.00391237298027,0.00274600088596
1479853294638882, -180.0,0.0,0.0, -0.000135047928779,-0.000148995954078,-5.6743483583e-06,0.0,0.0,0.00391237298027,0.00274600088596
1479853294640882, -180.0,0.0,0.0, -0.000135047928779,-0.000148995954078,-5.6743483583e-06,0.0,0.0,0.00435159029439,0.00216308794916
1479853294641882, -180.0,0.0,0.0, -0.000135047928779,-0.000148995954078,-5.6743483583e-06,0.0,0.0,0.00435159029439,0.00216308794916
1479853294644882, -180.0,0.0,0.0, -0.0210784096271,-0.0212279800326,-0.00587606010959,0.0,0.0,0.0338489487767,0.00189569487702
1479853294644882, -180.0,0.0,0.0, -0.0210784096271,-0.0212279800326,-0.00587606010959,0.0,0.0,0.0338489487767,0.00189569487702
1479853294647882, -180.0,0.0,0.0, -0.0210784096271,-0.0212279800326,-0.00587606010959,0.0,0.0,0.0334648936987,0.00342674856074
1479853294647882, -180.0,0.0,0.0, -0.0210784096271,-0.0212279800326,-0.00587606010959,0.0,0.0,0.0334648936987,0.00342674856074
1479853294648882, -180.0,0.0,0.0, -0.0210784096271,-0.0212279800326,-0.00587606010959,0.0,0.0,0.0333208888769,0.00284413527697
1479853294648882, -180.0,0.0,0.0, -0.0210784096271,-0.0212279800326,-0.00587606010959,0.0,0.0,0.0333208888769,0.00284413527697
1479853295047882, -180.0,0.0,0.0, -0.0210784096271,-0.0212279800326,-0.00587606010959,0.0,0.0,0.0332549288869,0.00282414956018
1479853295047882, -180.0,0.0,0.0, -0.0210784096271,-0.0212279800326,-0.00587606010959,0.0,0.0,0.0332549288869,0.00282414956018
1479853295567882, -180.0,0.0,0.0, -0.0210784096271,-0.0212279800326,-0.00587606010959,0.0,0.0,0.0329522080719,0.00334776937962
1479853295567882, -180.0,0.0,0.0, -0.0210784096271,-0.0212279800326,-0.00587606010959,0.0,0.0,0.0329522080719,0.00334776937962
1479853296149882, -180.0,0.0,0.0, -0.0210784096271,-0.0212279800326,-0.00587606010959,0.0,0.0,0.0328893363476,0.00352213252336
1479853296150882, -180.0,0.0,0.0, -0.0210784096271,-0.0212279800326,-0.00587606010959,0.0,0.0,0.0328893363476,0.00352213252336
1479853298127882, -180.0,0.0,0.0, -0.0216399990022,-0.0219697449356,-0.0060097919777,0.0,0.0,0.0324934720993,0.00182895397302
1479853298127882, -180.0,0.0,0.0, -0.0216399990022,-0.0219697449356,-0.0060097919777,0.0,0.0,0.0324934720993,0.00182895397302
1479853298627882, -180.0,0.0,0.0, -0.0216399990022,-0.0219697449356,-0.0060097919777,0.0,0.0,0.0320672430098,0.00294751301408
1479853298627882, -180.0,0.0,0.0, -0.0216399990022,-0.0219697449356,-0.0060097919777,0.0,0.0,0.0320672430098,0.00294751301408
1479853299126882, -180.0,0.0,0.0, -0.0216399990022,-0.0219697449356,-0.0060097919777,0.0,0.0,0.0316953025758,0.00311185768805
1479853299126882, -180.0,0.0,0.0, -0.0216399990022,-0.0219697449356,-0.0060097919777,0.0,0.0,0.0316953025758,0.00311185768805
1479853299626882, -180.0,0.0,0.0, -0.0216399990022,-0.0219697449356,-0.0060097919777,0.0,0.0,0.0310546252877,0.00254715629853
1479853299627882, -180.0,0.0,0.0, -0.0216399990022,-0.0219697449356,-0.0060097919777,0.0,0.0,0.0310546252877,0.00254715629853
1479853300146882, -180.0,0.0,0.0, -0.0216399990022,-0.0219697449356,-0.0060097919777,0.0,0.0,0.0306169297546,0.00184090516996
1479853300146882, -180.0,0.0,0.0, -0.0216399990022,-0.0219697449356,-0.0060097919777,0.0,0.0,0.0306169297546,0.00184090516996
1479853300647882, -180.0,0.0,0.0, -0.0216399990022,-0.0219697449356,-0.0060097919777,0.0,0.0,0.0304100885987,0.00222414871678
1479853300647882, -180.0,0.0,0.0, -0.0216399990022,-0.0219697449356,-0.0060097919777,0.0,0.0,0.0304100885987,0.00222414871678
1479853301167882, -180.0,0.0,0.0, -0.0216399990022,-0.0219697449356,-0.0060097919777,0.0,0.0,0.0302489269525,0.00223640701734
1479853301167882, -180.0,0.0,0.0, -0.0216399990022,-0.0219697449356,-0.0060097919777,0.0,0.0,0.0302489269525,0.00223640701734
1479853301666882, -180.0,0.0,0.0, -0.0216399990022,-0.0219697449356,-0.0060097919777,0.0,0.0,0.0302317515016,0.00261005875655
1479853301666882, -180.0,0.0,0.0, -0.0216399990022,-0.0219697449356,-0.0060097919777,0.0,0.0,0.0302317515016,0.00261005875655
1479853302166882, -180.0,0.0,0.0, -0.0221348702908,-0.0227115098387,-0.00610912498087,0.0,0.0,0.0302366092801,0.00324225449003
1479853302166882, -180.0,0.0,0.0, -0.0221348702908,-0.0227115098387,-0.00610912498087,0.0,0.0,0.0302366092801,0.00324225449003
1479853302666882, -180.0,0.0,0.0, -0.0221348702908,-0.0227115098387,-0.00610912498087,0.0,0.0,0.0301288887858,0.00224055792205
1479853302667882, -180.0,0.0,0.0, -0.0221348702908,-0.0227115098387,-0.00610912498087,0.0,0.0,0.0301288887858,0.00224055792205
1479853303167882, -180.0,0.0,0.0, -0.0221348702908,-0.0227115098387,-0.00610912498087,0.0,0.0,0.0301066134125,0.00382894417271
1479853303168882, -180.0,0.0,0.0, -0.0221348702908,-0.0227115098387,-0.00610912498087,0.0,0.0,0.0301066134125,0.00382894417271
1479853303666882, -180.0,0.0,0.0, -0.0221348702908,-0.0227115098387,-0.00610912498087,0.0,0.0,0.0301411245018,0.00314740976319
1479853303666882, -180.0,0.0,0.0, -0.0221348702908,-0.0227115098387,-0.00610912498087,0.0,0.0,0.0301411245018,0.00314740976319
1479853304167882, -180.0,0.0,0.0, -0.0221348702908,-0.0227115098387,-0.00610912498087,0.0,0.0,0.0299653168768,0.00174827990122
1479853304167882, -180.0,0.0,0.0, -0.0221348702908,-0.0227115098387,-0.00610912498087,0.0,0.0,0.0299653168768,0.00174827990122
1479853304686882, -180.0,0.0,0.0, -0.0221348702908,-0.0227115098387,-0.00610912498087,0.0,0.0,0.0299042481929,0.00247872318141
1479853304686882, -180.0,0.0,0.0, -0.0221348702908,-0.0227115098387,-0.00610912498087,0.0,0.0,0.0299042481929,0.00247872318141
1479853305186882, -180.0,0.0,0.0, -0.0221348702908,-0.0227115098387,-0.00610912498087,0.0,0.0,0.0297171119601,0.00289411190897
1479853305186882, -180.0,0.0,0.0, -0.0221348702908,-0.0227115098387,-0.00610912498087,0.0,0.0,0.0297171119601,0.00289411190897
1479853305706882, -180.0,0.0,0.0, -0.0221348702908,-0.0227115098387,-0.00610912498087,0.0,0.0,0.0294840019196,0.00209501967765
1479853305707882, -180.0,0.0,0.0, -0.0221348702908,-0.0227115098387,-0.00610912498087,0.0,0.0,0.0294840019196,0.00209501967765
1479853306206882, -180.0,0.0,0.0, -0.0221348702908,-0.0227115098387,-0.00610912498087,0.0,0.0,0.0292301569134,0.00215914007276
1479853306206882, -180.0,0.0,0.0, -0.0221348702908,-0.0227115098387,-0.00610912498087,0.0,0.0,0.0292301569134,0.00215914007276
1479853306706882, -180.0,0.0,0.0, -0.0221348702908,-0.0227115098387,-0.00610912498087,0.0,0.0,0.0288855545223,0.00226583029144
1479853306706882, -180.0,0.0,0.0, -0.0221348702908,-0.0227115098387,-0.00610912498087,0.0,0.0,0.0288855545223,0.00226583029144
1479853307206882, -180.0,0.0,0.0, -0.0225903503597,-0.0234561841935,-0.00618561683223,0.0,0.0,0.0286772325635,0.00224129739217
1479853307206882, -180.0,0.0,0.0, -0.0225903503597,-0.0234561841935,-0.00618561683223,0.0,0.0,0.0286772325635,0.00224129739217
1479853307746882, -180.0,0.0,0.0, -0.0225903503597,-0.0234561841935,-0.00618561683223,0.0,0.0,0.0285909064114,0.00194943440147
1479853307746882, -180.0,0.0,0.0, -0.0225903503597,-0.0234561841935,-0.00618561683223,0.0,0.0,0.0285909064114,0.00194943440147
1479853308246882, -180.0,0.0,0.0, -0.0225903503597,-0.0234561841935,-0.00618561683223,0.0,0.0,0.0281660612673,0.00249763391912
1479853308246882, -180.0,0.0,0.0, -0.0225903503597,-0.0234561841935,-0.00618561683223,0.0,0.0,0.0281660612673,0.00249763391912
1479853308766882, -180.0,0.0,0.0, -0.0225903503597,-0.0234561841935,-0.00618561683223,0.0,0.0,0.0278527867049,0.00195828033611
1479853308766882, -180.0,0.0,0.0, -0.0225903503597,-0.0234561841935,-0.00618561683223,0.0,0.0,0.0278527867049,0.00195828033611
1479853309266882, -180.0,0.0,0.0, -0.0225903503597,-0.0234561841935,-0.00618561683223,0.0,0.0,0.0275341738015,0.00342297460884
1479853309266882, -180.0,0.0,0.0, -0.0225903503597,-0.0234561841935,-0.00618561683223,0.0,0.0,0.0275341738015,0.00342297460884
1479853309786882, -180.0,0.0,0.0, -0.0225903503597,-0.0234561841935,-0.00618561683223,0.0,0.0,0.0275155566633,0.0033889003098
1479853309786882, -180.0,0.0,0.0, -0.0225903503597,-0.0234561841935,-0.00618561683223,0.0,0.0,0.0275155566633,0.0033889003098
1479853310286882, -180.0,0.0,0.0, -0.0225903503597,-0.0234561841935,-0.00618561683223,0.0,0.0,0.0275241639465,0.00347162294202
1479853310286882, -180.0,0.0,0.0, -0.0225903503597,-0.0234561841935,-0.00618561683223,0.0,0.0,0.0275241639465,0.00347162294202
1479853310785882, -180.0,0.0,0.0, -0.0225903503597,-0.0234561841935,-0.00618561683223,0.0,0.0,0.0272551905364,0.00369038828649
1479853310785882, -180.0,0.0,0.0, -0.0225903503597,-0.0234561841935,-0.00618561683223,0.0,0.0,0.0272551905364,0.00369038828649
1479853311286882, -180.0,0.0,0.0, -0.0225903503597,-0.0234561841935,-0.00618561683223,0.0,0.0,0.0269164461643,0.00295815896243
1479853311286882, -180.0,0.0,0.0, -0.0225903503597,-0.0234561841935,-0.00618561683223,0.0,0.0,0.0269164461643,0.00295815896243
1479853311806882, -180.0,0.0,0.0, -0.0225903503597,-0.0234561841935,-0.00618561683223,0.0,0.0,0.0267564356327,0.00156468804926
1479853311807882, -180.0,0.0,0.0, -0.0225903503597,-0.0234561841935,-0.00618561683223,0.0,0.0,0.0267564356327,0.00156468804926
1479853312306882, -180.0,0.0,0.0, -0.0230071917176,-0.0241921320558,-0.00630160467699,0.0,0.0,0.0267512463033,0.00154554925393
1479853312306882, -180.0,0.0,0.0, -0.0230071917176,-0.0241921320558,-0.00630160467699,0.0,0.0,0.0267512463033,0.00154554925393
1479853312826882, -180.0,0.0,0.0, -0.0230071917176,-0.0241921320558,-0.00630160467699,0.0,0.0,0.02654447034,0.00273437425494
1479853312826882, -180.0,0.0,0.0, -0.0230071917176,-0.0241921320558,-0.00630160467699,0.0,0.0,0.02654447034,0.00273437425494
1479853313326882, -180.0,0.0,0.0, -0.0230071917176,-0.0241921320558,-0.00630160467699,0.0,0.0,0.0262702964246,0.00314022577368
1479853313326882, -180.0,0.0,0.0, -0.0230071917176,-0.0241921320558,-0.00630160467699,0.0,0.0,0.0262702964246,0.00314022577368
1479853313825882, -180.0,0.0,0.0, -0.0230071917176,-0.0241921320558,-0.00630160467699,0.0,0.0,0.0260260663927,0.00454671820626
1479853313825882, -180.0,0.0,0.0, -0.0230071917176,-0.0241921320558,-0.00630160467699,0.0,0.0,0.0260260663927,0.00454671820626
1479853314325882, -180.0,0.0,0.0, -0.0230071917176,-0.0241921320558,-0.00630160467699,0.0,0.0,0.0257736574858,0.00260534859262
1479853314325882, -180.0,0.0,0.0, -0.0230071917176,-0.0241921320558,-0.00630160467699,0.0,0.0,0.0257736574858,0.00260534859262
1479853314845882, -180.0,0.0,0.0, -0.0230071917176,-0.0241921320558,-0.00630160467699,0.0,0.0,0.025450212881,0.00274842442013
1479853314845882, -180.0,0.0,0.0, -0.0230071917176,-0.0241921320558,-0.00630160467699,0.0,0.0,0.025450212881,0.00274842442013
1479853315345882, -180.0,0.0,0.0, -0.0230071917176,-0.0241921320558,-0.00630160467699,0.0,0.0,0.025243408978,0.00141914107371
1479853315345882, -180.0,0.0,0.0, -0.0230071917176,-0.0241921320558,-0.00630160467699,0.0,0.0,0.025243408978,0.00141914107371
1479853315845882, -180.0,0.0,0.0, -0.0230071917176,-0.0241921320558,-0.00630160467699,0.0,0.0,0.0249802637845,0.0027729650028
1479853315845882, -180.0,0.0,0.0, -0.0230071917176,-0.0241921320558,-0.00630160467699,0.0,0.0,0.0249802637845,0.0027729650028
1479853316366882, -180.0,0.0,0.0, -0.0230071917176,-0.0241921320558,-0.00630160467699,0.0,0.0,0.0245919097215,0.00188434193842
1479853316366882, -180.0,0.0,0.0, -0.0230071917176,-0.0241921320558,-0.00630160467699,0.0,0.0,0.0245919097215,0.00188434193842
1479853316885882, -180.0,0.0,0.0, -0.0230071917176,-0.0241921320558,-0.00630160467699,0.0,0.0,0.0245638843626,0.00296575925313
1479853316885882, -180.0,0.0,0.0, -0.0230071917176,-0.0241921320558,-0.00630160467699,0.0,0.0,0.0245638843626,0.00296575925313
1479853317385882, -180.0,0.0,0.0, -0.0233897455037,-0.0249310098588,-0.00643315957859,0.0,0.0,0.0246752426028,0.00348442187533
1479853317385882, -180.0,0.0,0.0, -0.0233897455037,-0.0249310098588,-0.00643315957859,0.0,0.0,0.0246752426028,0.00348442187533
1479853317905882, -180.0,0.0,0.0, -0.0233897455037,-0.0249310098588,-0.00643315957859,0.0,0.0,0.0246276129037,0.00230936869048
1479853317905882, -180.0,0.0,0.0, -0.0233897455037,-0.0249310098588,-0.00643315957859,0.0,0.0,0.0246276129037,0.00230936869048
1479853318405882, -180.0,0.0,0.0, -0.0233897455037,-0.0249310098588,-0.00643315957859,0.0,0.0,0.0243441741914,0.00310561992228
1479853318405882, -180.0,0.0,0.0, -0.0233897455037,-0.0249310098588,-0.00643315957859,0.0,0.0,0.0243441741914,0.00310561992228
1479853318905882, -180.0,0.0,0.0, -0.0233897455037,-0.0249310098588,-0.00643315957859,0.0,0.0,0.0242095310241,0.00345712271519
1479853318905882, -180.0,0.0,0.0, -0.0233897455037,-0.0249310098588,-0.00643315957859,0.0,0.0,0.0242095310241,0.00345712271519
1479853319405882, -180.0,0.0,0.0, -0.0233897455037,-0.0249310098588,-0.00643315957859,0.0,0.0,0.0238534659147,0.00242205173708
1479853319405882, -180.0,0.0,0.0, -0.0233897455037,-0.0249310098588,-0.00643315957859,0.0,0.0,0.0238534659147,0.00242205173708
1479853319905882, -180.0,0.0,0.0, -0.0233897455037,-0.0249310098588,-0.00643315957859,0.0,0.0,0.0236024688929,0.00260151992552
1479853319905882, -180.0,0.0,0.0, -0.0233897455037,-0.0249310098588,-0.00643315957859,0.0,0.0,0.0236024688929,0.00260151992552
1479853320405882, -180.0,0.0,0.0, -0.0233897455037,-0.0249310098588,-0.00643315957859,0.0,0.0,0.0235073659569,0.00277557526715
1479853320405882, -180.0,0.0,0.0, -0.0233897455037,-0.0249310098588,-0.00643315957859,0.0,0.0,0.0235073659569,0.00277557526715
1479853320905882, -180.0,0.0,0.0, -0.0233897455037,-0.0249310098588,-0.00643315957859,0.0,0.0,0.0231903456151,0.00346432859078
1479853320905882, -180.0,0.0,0.0, -0.0233897455037,-0.0249310098588,-0.00643315957859,0.0,0.0,0.0231903456151,0.00346432859078
1479853321405882, -180.0,0.0,0.0, -0.0233897455037,-0.0249310098588,-0.00643315957859,0.0,0.0,0.0231611765921,0.00337663572282
1479853321406882, -180.0,0.0,0.0, -0.0233897455037,-0.0249310098588,-0.00643315957859,0.0,0.0,0.0231611765921,0.00337663572282
1479853321904882, -180.0,0.0,0.0, -0.0233897455037,-0.0249310098588,-0.00643315957859,0.0,0.0,0.0232395585626,0.00228251703084
1479853321904882, -180.0,0.0,0.0, -0.0233897455037,-0.0249310098588,-0.00643315957859,0.0,0.0,0.0232395585626,0.00228251703084
1479853322405882, -180.0,0.0,0.0, -0.0237612016499,-0.0256669390947,-0.00652774423361,0.0,0.0,0.0233909394592,0.00219525699504
1479853322406882, -180.0,0.0,0.0, -0.0237612016499,-0.0256669390947,-0.00652774423361,0.0,0.0,0.0233909394592,0.00219525699504
1479853322925882, -180.0,0.0,0.0, -0.0237612016499,-0.0256669390947,-0.00652774423361,0.0,0.0,0.0235587079078,0.00304154260084
1479853322925882, -180.0,0.0,0.0, -0.0237612016499,-0.0256669390947,-0.00652774423361,0.0,0.0,0.0235587079078,0.00304154260084
1479853323424882, -180.0,0.0,0.0, -0.0237612016499,-0.0256669390947,-0.00652774423361,0.0,0.0,0.023400073871,0.00207049585879
1479853323424882, -180.0,0.0,0.0, -0.0237612016499,-0.0256669390947,-0.00652774423361,0.0,0.0,0.023400073871,0.00207049585879
1479853323946882, -180.0,0.0,0.0, -0.0237612016499,-0.0256669390947,-0.00652774423361,0.0,0.0,0.0230546165258,0.00318725709803
1479853323947882, -180.0,0.0,0.0, -0.0237612016499,-0.0256669390947,-0.00652774423361,0.0,0.0,0.0230546165258,0.00318725709803
1479853324445882, -180.0,0.0,0.0, -0.0237612016499,-0.0256669390947,-0.00652774423361,0.0,0.0,0.0228093955666,0.00274466443807
1479853324446882, -180.0,0.0,0.0, -0.0237612016499,-0.0256669390947,-0.00652774423361,0.0,0.0,0.0228093955666,0.00274466443807
1479853324945882, -180.0,0.0,0.0, -0.0237612016499,-0.0256669390947,-0.00652774423361,0.0,0.0,0.0222438983619,0.00310400035232
1479853324945882, -180.0,0.0,0.0, -0.0237612016499,-0.0256669390947,-0.00652774423361,0.0,0.0,0.0222438983619,0.00310400035232
1479853325466882, -180.0,0.0,0.0, -0.0237612016499,-0.0256669390947,-0.00652774423361,0.0,0.0,0.022091191262,0.00266845407896
1479853325466882, -180.0,0.0,0.0, -0.0237612016499,-0.0256669390947,-0.00652774423361,0.0,0.0,0.022091191262,0.00266845407896
1479853325985882, -180.0,0.0,0.0, -0.0237612016499,-0.0256669390947,-0.00652774423361,0.0,0.0,0.0218455046415,0.00453960290179
1479853325985882, -180.0,0.0,0.0, -0.0237612016499,-0.0256669390947,-0.00652774423361,0.0,0.0,0.0218455046415,0.00453960290179
1479853326486882, -180.0,0.0,0.0, -0.0237612016499,-0.0256669390947,-0.00652774423361,0.0,0.0,0.0216344557703,0.00362762180157
1479853326505882, -180.0,0.0,0.0, -0.0237612016499,-0.0256669390947,-0.00652774423361,0.0,0.0,0.0216344557703,0.00362762180157
1479853327005882, -180.0,0.0,0.0, -0.0237612016499,-0.0256669390947,-0.00652774423361,0.0,0.0,0.0214784406126,0.00225680903532
1479853327006882, -180.0,0.0,0.0, -0.0237612016499,-0.0256669390947,-0.00652774423361,0.0,0.0,0.0214784406126,0.00225680903532
1479853327525882, -180.0,0.0,0.0, -0.0241278912872,-0.0264028832316,-0.00667004939169,0.0,0.0,0.0214644279331,0.00277542578988
1479853327526882, -180.0,0.0,0.0, -0.0241278912872,-0.0264028832316,-0.00667004939169,0.0,0.0,0.0214644279331,0.00277542578988
1479853328045882, -180.0,0.0,0.0, -0.0241278912872,-0.0264028832316,-0.00667004939169,0.0,0.0,0.0212360676378,0.00348440208472
1479853328045882, -180.0,0.0,0.0, -0.0241278912872,-0.0264028832316,-0.00667004939169,0.0,0.0,0.0212360676378,0.00348440208472
1479853328544882, -180.0,0.0,0.0, -0.0241278912872,-0.0264028832316,-0.00667004939169,0.0,0.0,0.0210723336786,0.00258822506294
1479853328544882, -180.0,0.0,0.0, -0.0241278912872,-0.0264028832316,-0.00667004939169,0.0,0.0,0.0210723336786,0.00258822506294
1479853329064882, -180.0,0.0,0.0, -0.0241278912872,-0.0264028832316,-0.00667004939169,0.0,0.0,0.0208060070872,0.00293751200661
1479853329064882, -180.0,0.0,0.0, -0.0241278912872,-0.0264028832316,-0.00667004939169,0.0,0.0,0.0208060070872,0.00293751200661
1479853329565882, -180.0,0.0,0.0, -0.0241278912872,-0.0264028832316,-0.00667004939169,0.0,0.0,0.0206373743713,0.00235286192037
1479853329565882, -180.0,0.0,0.0, -0.0241278912872,-0.0264028832316,-0.00667004939169,0.0,0.0,0.0206373743713,0.00235286192037
1479853330104882, -180.0,0.0,0.0, -0.0241278912872,-0.0264028832316,-0.00667004939169,0.0,0.0,0.0205946266651,0.0030543457251
1479853330124882, -180.0,0.0,0.0, -0.0241278912872,-0.0264028832316,-0.00667004939169,0.0,0.0,0.0205946266651,0.0030543457251
1479853330604882, -180.0,0.0,0.0, -0.0241278912872,-0.0264028832316,-0.00667004939169,0.0,0.0,0.0205386094749,0.00207987055182
1479853330605882, -180.0,0.0,0.0, -0.0241278912872,-0.0264028832316,-0.00667004939169,0.0,0.0,0.0205386094749,0.00207987055182
1479853331104882, -180.0,0.0,0.0, -0.0241278912872,-0.0264028832316,-0.00667004939169,0.0,0.0,0.0203717797995,0.00276806810871
1479853331105882, -180.0,0.0,0.0, -0.0241278912872,-0.0264028832316,-0.00667004939169,0.0,0.0,0.0203717797995,0.00276806810871
1479853331604882, -180.0,0.0,0.0, -0.0241278912872,-0.0264028832316,-0.00667004939169,0.0,0.0,0.0200438220054,0.00332658691332
1479853331624882, -180.0,0.0,0.0, -0.0241278912872,-0.0264028832316,-0.00667004939169,0.0,0.0,0.0200438220054,0.00332658691332
1479853332104882, -180.0,0.0,0.0, -0.0241278912872,-0.0264028832316,-0.00667004939169,0.0,0.0,0.0196334086359,0.00184545083903
1479853332124882, -180.0,0.0,0.0, -0.0241278912872,-0.0264028832316,-0.00667004939169,0.0,0.0,0.0196334086359,0.00184545083903
1479853332624882, -180.0,0.0,0.0, -0.0245008785278,-0.0271475557238,-0.00679257092997,0.0,0.0,0.0196192916483,0.00152423419058
1479853332624882, -180.0,0.0,0.0, -0.0245008785278,-0.0271475557238,-0.00679257092997,0.0,0.0,0.0196192916483,0.00152423419058
1479853333124882, -180.0,0.0,0.0, -0.0245008785278,-0.0271475557238,-0.00679257092997,0.0,0.0,0.0193922165781,0.00193747621961
1479853333124882, -180.0,0.0,0.0, -0.0245008785278,-0.0271475557238,-0.00679257092997,0.0,0.0,0.0193922165781,0.00193747621961
1479853333624882, -180.0,0.0,0.0, -0.0245008785278,-0.0271475557238,-0.00679257092997,0.0,0.0,0.0193273946643,0.00218906952068
1479853333624882, -180.0,0.0,0.0, -0.0245008785278,-0.0271475557238,-0.00679257092997,0.0,0.0,0.0193273946643,0.00218906952068
1479853334125882, -180.0,0.0,0.0, -0.0245008785278,-0.0271475557238,-0.00679257092997,0.0,0.0,0.0191606860608,0.00324992160313
1479853334125882, -180.0,0.0,0.0, -0.0245008785278,-0.0271475557238,-0.00679257092997,0.0,0.0,0.0191606860608,0.00324992160313
1479853334624882, -180.0,0.0,0.0, -0.0245008785278,-0.0271475557238,-0.00679257092997,0.0,0.0,0.0190664511174,0.00201662117615
1479853334624882, -180.0,0.0,0.0, -0.0245008785278,-0.0271475557238,-0.00679257092997,0.0,0.0,0.0190664511174,0.00201662117615
1479853335124882, -180.0,0.0,0.0, -0.0245008785278,-0.0271475557238,-0.00679257092997,0.0,0.0,0.0189398098737,0.00280141481198
1479853335125882, -180.0,0.0,0.0, -0.0245008785278,-0.0271475557238,-0.00679257092997,0.0,0.0,0.0189398098737,0.00280141481198
1479853335645882, -180.0,0.0,0.0, -0.0245008785278,-0.0271475557238,-0.00679257092997,0.0,0.0,0.0187206268311,0.00280625675805
1479853335645882, -180.0,0.0,0.0, -0.0245008785278,-0.0271475557238,-0.00679257092997,0.0,0.0,0.0187206268311,0.00280625675805
1479853336164882, -180.0,0.0,0.0, -0.0245008785278,-0.0271475557238,-0.00679257092997,0.0,0.0,0.0185351986438,0.00336835277267
1479853336164882, -180.0,0.0,0.0, -0.0245008785278,-0.0271475557238,-0.00679257092997,0.0,0.0,0.0185351986438,0.00336835277267
1479853336664882, -180.0,0.0,0.0, -0.0245008785278,-0.0271475557238,-0.00679257092997,0.0,0.0,0.0184139031917,0.00331618380733
1479853336664882, -180.0,0.0,0.0, -0.0245008785278,-0.0271475557238,-0.00679257092997,0.0,0.0,0.0184139031917,0.00331618380733
1479853337164882, -180.0,0.0,0.0, -0.0245008785278,-0.0271475557238,-0.00679257092997,0.0,0.0,0.0183157641441,0.00206807581708
1479853337164882, -180.0,0.0,0.0, -0.0245008785278,-0.0271475557238,-0.00679257092997,0.0,0.0,0.0183157641441,0.00206807581708
1479853337664882, -180.0,0.0,0.0, -0.0248745530844,-0.0278889555484,-0.00684704165906,0.0,0.0,0.0181364808232,0.00150009663776
1479853337664882, -180.0,0.0,0.0, -0.0248745530844,-0.0278889555484,-0.00684704165906,0.0,0.0,0.0181364808232,0.00150009663776
1479853338164882, -180.0,0.0,0.0, -0.0248745530844,-0.0278889555484,-0.00684704165906,0.0,0.0,0.018467694521,0.0018171336269
1479853338164882, -180.0,0.0,0.0, -0.0248745530844,-0.0278889555484,-0.00684704165906,0.0,0.0,0.018467694521,0.0018171336269
1479853338684882, -180.0,0.0,0.0, -0.0248745530844,-0.0278889555484,-0.00684704165906,0.0,0.0,0.0182337556034,0.00219234125689
1479853338684882, -180.0,0.0,0.0, -0.0248745530844,-0.0278889555484,-0.00684704165906,0.0,0.0,0.0182337556034,0.00219234125689
1479853339183882, -180.0,0.0,0.0, -0.0248745530844,-0.0278889555484,-0.00684704165906,0.0,0.0,0.0177895091474,0.00313520501368
1479853339183882, -180.0,0.0,0.0, -0.0248745530844,-0.0278889555484,-0.00684704165906,0.0,0.0,0.0177895091474,0.00313520501368
1479853339703882, -180.0,0.0,0.0, -0.0248745530844,-0.0278889555484,-0.00684704165906,0.0,0.0,0.0175828374922,0.00310650584288
1479853339703882, -180.0,0.0,0.0, -0.0248745530844,-0.0278889555484,-0.00684704165906,0.0,0.0,0.0175828374922,0.00310650584288
1479853340204882, -180.0,0.0,0.0, -0.0248745530844,-0.0278889555484,-0.00684704165906,0.0,0.0,0.0172000806779,0.00292421504855
1479853340205882, -180.0,0.0,0.0, -0.0248745530844,-0.0278889555484,-0.00684704165906,0.0,0.0,0.0172000806779,0.00292421504855
1479853340703882, -180.0,0.0,0.0, -0.0248745530844,-0.0278889555484,-0.00684704165906,0.0,0.0,0.0168644040823,0.00340078864247
1479853340703882, -180.0,0.0,0.0, -0.0248745530844,-0.0278889555484,-0.00684704165906,0.0,0.0,0.0168644040823,0.00340078864247
1479853341204882, -180.0,0.0,0.0, -0.0248745530844,-0.0278889555484,-0.00684704165906,0.0,0.0,0.0167255308479,0.00230582943186
1479853341204882, -180.0,0.0,0.0, -0.0248745530844,-0.0278889555484,-0.00684704165906,0.0,0.0,0.0167255308479,0.00230582943186
1479853341703882, -180.0,0.0,0.0, -0.0248745530844,-0.0278889555484,-0.00684704165906,0.0,0.0,0.0166611205786,0.00202560215257
1479853341703882, -180.0,0.0,0.0, -0.0248745530844,-0.0278889555484,-0.00684704165906,0.0,0.0,0.0166611205786,0.00202560215257
1479853342203882, -180.0,0.0,0.0, -0.0248745530844,-0.0278889555484,-0.00684704165906,0.0,0.0,0.0165018420666,0.00212493469007
1479853342203882, -180.0,0.0,0.0, -0.0248745530844,-0.0278889555484,-0.00684704165906,0.0,0.0,0.0165018420666,0.00212493469007
1479853342723882, -180.0,0.0,0.0, -0.0248745530844,-0.0278889555484,-0.00684704165906,0.0,0.0,0.0165348146111,0.00227834866382
1479853342723882, -180.0,0.0,0.0, -0.0248745530844,-0.0278889555484,-0.00684704165906,0.0,0.0,0.0165348146111,0.00227834866382
1479853343223882, -180.0,0.0,0.0, -0.0252031162381,-0.0285693816841,-0.00685828272253,0.0,0.0,0.0164968855679,0.0028259952087
1479853343223882, -180.0,0.0,0.0, -0.0252031162381,-0.0285693816841,-0.00685828272253,0.0,0.0,0.0164968855679,0.0028259952087
1479853343723882, -180.0,0.0,0.0, -0.0252031162381,-0.0285693816841,-0.00685828272253,0.0,0.0,0.0162414517254,0.00234784442
1479853343723882, -180.0,0.0,0.0, -0.0252031162381,-0.0285693816841,-0.00685828272253,0.0,0.0,0.0162414517254,0.00234784442
1479853344223882, -180.0,0.0,0.0, -0.0252031162381,-0.0285693816841,-0.00685828272253,0.0,0.0,0.0160233210772,0.00165949191432
1479853344223882, -180.0,0.0,0.0, -0.0252031162381,-0.0285693816841,-0.00685828272253,0.0,0.0,0.0160233210772,0.00165949191432
1479853344723882, -180.0,0.0,0.0, -0.0252031162381,-0.0285693816841,-0.00685828272253,0.0,0.0,0.0158608015627,0.00119023350999
1479853344723882, -180.0,0.0,0.0, -0.0252031162381,-0.0285693816841,-0.00685828272253,0.0,0.0,0.0158608015627,0.00119023350999
1479853345223882, -180.0,0.0,0.0, -0.0252031162381,-0.0285693816841,-0.00685828272253,0.0,0.0,0.0158367604017,0.00276722433046
1479853345223882, -180.0,0.0,0.0, -0.0252031162381,-0.0285693816841,-0.00685828272253,0.0,0.0,0.0158367604017,0.00276722433046
1479853345723882, -180.0,0.0,0.0, -0.0252031162381,-0.0285693816841,-0.00685828272253,0.0,0.0,0.0157018639147,0.00233191740699
1479853345723882, -180.0,0.0,0.0, -0.0252031162381,-0.0285693816841,-0.00685828272253,0.0,0.0,0.0157018639147,0.00233191740699
1479853346224882, -180.0,0.0,0.0, -0.0252031162381,-0.0285693816841,-0.00685828272253,0.0,0.0,0.0155306588858,0.00222880346701
1479853346224882, -180.0,0.0,0.0, -0.0252031162381,-0.0285693816841,-0.00685828272253,0.0,0.0,0.0155306588858,0.00222880346701
1479853346723882, -180.0,0.0,0.0, -0.0252031162381,-0.0285693816841,-0.00685828272253,0.0,0.0,0.0153359984979,0.00271401298232
1479853346723882, -180.0,0.0,0.0, -0.0252031162381,-0.0285693816841,-0.00685828272253,0.0,0.0,0.0153359984979,0.00271401298232
1479853347223882, -180.0,0.0,0.0, -0.0252031162381,-0.0285693816841,-0.00685828272253,0.0,0.0,0.0153219038621,0.00442686676979
1479853347223882, -180.0,0.0,0.0, -0.0252031162381,-0.0285693816841,-0.00685828272253,0.0,0.0,0.0153219038621,0.00442686676979
1479853347743882, -180.0,0.0,0.0, -0.0252031162381,-0.0285693816841,-0.00685828272253,0.0,0.0,0.0154830133542,0.003016511444
1479853347743882, -180.0,0.0,0.0, -0.0252031162381,-0.0285693816841,-0.00685828272253,0.0,0.0,0.0154830133542,0.003016511444
1479853348243882, -180.0,0.0,0.0, -0.0255324672908,-0.0291718952358,-0.0069194464013,0.0,0.0,0.0156826656312,0.00231012771837
1479853348243882, -180.0,0.0,0.0, -0.0255324672908,-0.0291718952358,-0.0069194464013,0.0,0.0,0.0156826656312,0.00231012771837
1479853348743882, -180.0,0.0,0.0, -0.0255324672908,-0.0291718952358,-0.0069194464013,0.0,0.0,0.0156088471413,0.00207558274269
1479853348744882, -180.0,0.0,0.0, -0.0255324672908,-0.0291718952358,-0.0069194464013,0.0,0.0,0.0156088471413,0.00207558274269
